{
  "train_losses": [
    6.565641123586924,
    5.878622992500585,
    5.45985789448803,
    5.161615144519906,
    4.936559625321034,
    4.773741551094655,
    4.6347589842312,
    4.525622576943243,
    4.435573899309048,
    4.351716839206157,
    4.26154685738199,
    4.209953077488545,
    4.140022554010621,
    4.11018460115213,
    4.039030215190968
  ],
  "valid_losses": [
    6.892611861228943,
    6.723605513572693,
    6.560335636138916,
    6.531345367431641,
    6.477300524711609,
    6.485633492469788,
    6.440951228141785,
    6.45839536190033,
    6.4285653829574585,
    6.408941626548767,
    6.509687542915344,
    6.498040676116943,
    6.548887372016907,
    6.485788941383362,
    6.569596886634827
  ],
  "train_ppls": [
    710.2671192573888,
    357.31687477394047,
    235.06401809904978,
    174.445983664193,
    139.2902137575362,
    118.36126924768016,
    103.00308963449925,
    92.35340503479166,
    84.40054840826404,
    77.61159523873036,
    70.91960115952223,
    67.3533793462548,
    62.80423792067714,
    60.9579694424265,
    56.771260194919904
  ],
  "valid_ppls": [
    984.970667192768,
    831.8112179499407,
    706.5087846857413,
    686.3209444915378,
    650.2133401873897,
    655.6541846944665,
    627.0029390749462,
    638.0364171577438,
    619.2848737905549,
    607.2506428755635,
    671.6165334588585,
    663.8396810464554,
    698.4666078321341,
    655.7561133473016,
    713.082332168439
  ],
  "epoch_times": [
    174.58886194229126,
    176.17026090621948,
    175.0945360660553,
    179.402081489563,
    178.09498953819275,
    177.42060232162476,
    176.49419951438904,
    175.0768666267395,
    175.20266437530518,
    176.08352065086365,
    175.99602007865906,
    176.62889790534973,
    176.56893610954285,
    209.87782740592957,
    182.10120916366577
  ],
  "best_valid_loss": 6.408941626548767,
  "total_epochs": 15,
  "total_time": 2684.801474094391
}