{
  "train_losses": [
    6.650760460898514,
    6.088499537937304,
    5.801134035225314,
    5.582121302320071,
    5.393828823304301,
    5.2389473085004,
    5.1175018130796746,
    5.009923035561727,
    4.920559202189221,
    4.832619395555626,
    4.774025676762246,
    4.710080437011119,
    4.655466027284792,
    4.59364425137405
  ],
  "valid_losses": [
    7.051201701164246,
    6.954220294952393,
    6.838267087936401,
    6.72253954410553,
    6.686976909637451,
    6.661580562591553,
    6.60451352596283,
    6.607824444770813,
    6.563906669616699,
    6.5692678689956665,
    6.625519871711731,
    6.627229571342468,
    6.601328730583191,
    6.577546954154968
  ],
  "train_ppls": [
    773.3722213052448,
    440.7595717215298,
    330.6743437143445,
    265.63449962148394,
    220.044285386091,
    188.4715954942354,
    166.91785631968267,
    149.8931992592053,
    137.0792467725294,
    125.53936761471256,
    118.39490350027312,
    111.06109296878998,
    105.15821517896094,
    98.85402345060156
  ],
  "valid_ppls": [
    1154.2449672237442,
    1047.5614305072363,
    932.8711495522507,
    830.9250050110458,
    801.8943849750997,
    781.785622230333,
    738.4205593906737,
    740.8694617302601,
    709.0362613742127,
    712.8477540952603,
    754.096143921869,
    755.3865245880239,
    736.0725819034349,
    718.7739793686977
  ],
  "epoch_times": [
    181.8740234375,
    178.0213496685028,
    176.27795839309692,
    176.7391369342804,
    175.88801169395447,
    176.47977757453918,
    176.4009974002838,
    175.28451895713806,
    176.45125222206116,
    176.25680661201477,
    175.7636218070984,
    175.69326639175415,
    174.21754455566406,
    173.76189970970154
  ],
  "best_valid_loss": 6.563906669616699,
  "total_epochs": 14,
  "total_time": 2469.1101653575897
}