{
  "train_losses": [
    6.7761140918232385,
    6.360184824903598,
    6.020758924059843,
    5.774515136998361,
    5.589112507735248,
    5.441835161279009,
    5.320396684227189,
    5.217018510034571,
    5.12707612651805,
    5.049244934975789,
    4.978635997048223,
    4.9149894489667805,
    4.857489013547048,
    4.806193660691147,
    4.757242768846881
  ],
  "valid_losses": [
    6.827452182769775,
    6.553930759429932,
    6.403436303138733,
    6.268421173095703,
    6.2155760526657104,
    6.155760169029236,
    6.150524020195007,
    6.125798463821411,
    6.123772978782654,
    6.123179078102112,
    6.148094415664673,
    6.126537442207336,
    6.1180579662323,
    6.131001114845276,
    6.1679171323776245
  ],
  "train_ppls": [
    876.6554939013251,
    578.35324059793,
    411.891071183052,
    321.98827666158894,
    267.4981118309463,
    230.86547031380474,
    204.46497393813075,
    184.38362580642104,
    168.52365513854585,
    155.9047018452908,
    145.27608943395663,
    136.31787150056618,
    128.70063049576166,
    122.26534729136671,
    116.42447375767921
  ],
  "valid_ppls": [
    922.8365957163028,
    701.9981434961475,
    603.9167172854249,
    527.6436618949772,
    500.48421143120794,
    471.42506902428545,
    468.96306852431707,
    457.50987254743956,
    456.58413099983295,
    456.313045880494,
    467.82505674755987,
    457.8480874059434,
    453.98218910807117,
    459.8963393482619,
    477.1911442779955
  ],
  "epoch_times": [
    281.9329333305359,
    281.3559865951538,
    280.3260793685913,
    280.56637811660767,
    281.5245852470398,
    281.4448549747467,
    280.1827802658081,
    281.91478276252747,
    281.3246383666992,
    280.415465593338,
    279.56471848487854,
    278.13174271583557,
    280.74591851234436,
    283.41470313072205,
    282.69869661331177
  ],
  "best_valid_loss": 6.1180579662323,
  "total_epochs": 15,
  "total_time": 4215.54426407814
}