{
  "train_losses": [
    6.548988438401547,
    5.811329140713077,
    5.384286084100214,
    5.072932711446472,
    4.851286189094264,
    4.676254779880583,
    4.53117060411663,
    4.422847763093978,
    4.325158369478755,
    4.235655380481201,
    4.163284780467368,
    4.096945849076616,
    4.033599764264691
  ],
  "valid_losses": [
    6.895386219024658,
    6.663554549217224,
    6.566447854042053,
    6.433279395103455,
    6.410607218742371,
    6.421955108642578,
    6.369916558265686,
    6.337647199630737,
    6.3508381843566895,
    6.390170454978943,
    6.358631372451782,
    6.416638493537903,
    6.47355854511261
  ],
  "train_ppls": [
    698.537202894313,
    334.062847256049,
    217.9544474057518,
    159.64182489772494,
    127.90479384699816,
    107.36720481246098,
    92.86720821455066,
    83.33326115835138,
    75.57748107828532,
    69.10695524480934,
    64.2823295235733,
    60.15628038820554,
    56.46380222568783
  ],
  "valid_ppls": [
    987.7071224395968,
    783.3303807574823,
    710.8403445618374,
    622.2110818788443,
    608.2629175903082,
    615.2047311837362,
    584.0090961263139,
    565.464320379796,
    572.9727646061236,
    595.9581550655288,
    577.4554938223102,
    611.9426038392586,
    647.7848017378604
  ],
  "epoch_times": [
    274.24774074554443,
    273.4362156391144,
    273.81677174568176,
    270.6887381076813,
    272.22509264945984,
    270.3492090702057,
    274.33865451812744,
    272.0840468406677,
    272.2234835624695,
    272.96193981170654,
    272.8158280849457,
    274.01882123947144,
    273.5034689903259
  ],
  "best_valid_loss": 6.337647199630737,
  "total_epochs": 13,
  "total_time": 3546.7100110054016
}