{
  "train_losses": [
    5.9196173988711775,
    4.938501406714554,
    4.475400744932484,
    4.020191473798602,
    3.6524605067612614,
    3.393897611745365,
    3.205371893513265,
    3.0577914795950445,
    2.937576617245899,
    2.8369405550482387,
    2.7514536658506743,
    2.6742300653332816,
    2.6077121580458438,
    2.547628057252674
  ],
  "valid_losses": [
    9.330645322799683,
    9.659535646438599,
    9.495166301727295,
    9.387940406799316,
    9.280529737472534,
    9.36997938156128,
    9.27455997467041,
    9.323052883148193,
    9.247390031814575,
    9.324232578277588,
    9.355014324188232,
    9.412830352783203,
    9.528298616409302,
    9.571696996688843
  ],
  "train_ppls": [
    372.26925598807867,
    139.56094767088058,
    87.82979070166311,
    55.71177215024274,
    38.569449785175735,
    29.781804260751926,
    24.66467094217687,
    21.280506791822297,
    18.870061476020993,
    17.063480816572895,
    15.665387579554343,
    14.501180578706206,
    13.567973935846785,
    12.776762064366315
  ],
  "valid_ppls": [
    11278.407351038753,
    15670.506322937177,
    13295.30576259303,
    11943.47528270512,
    10727.11296529206,
    11730.873212688919,
    10663.265412327864,
    11193.100975406618,
    10377.445537854212,
    11206.313213784491,
    11556.627075643168,
    12244.478170814842,
    13743.188745657806,
    14352.752242338327
  ],
  "epoch_times": [
    277.9304859638214,
    292.50576996803284,
    277.28906416893005,
    282.98920035362244,
    272.150892496109,
    272.56277227401733,
    272.96778655052185,
    273.1581711769104,
    271.5304856300354,
    274.8900787830353,
    273.05626487731934,
    273.3816707134247,
    272.39903473854065,
    274.1860191822052
  ],
  "best_valid_loss": 9.247390031814575,
  "total_epochs": 14,
  "total_time": 3860.997696876526
}